<?xml version="1.0" encoding="UTF-8"?>
<config date="1537177295369" transient="false">
	<site updateable="true" url="platform:/base/" enabled="true" policy="USER-EXCLUDE">
		<feature id="fr.cnes.icode.feature.shell" version="3.1.0.201809170937" url="features/fr.cnes.icode.feature.shell_3.1.0.201809170937/">
		</feature>
		<feature id="fr.cnes.icode.feature.fortran90" version="3.1.0.201809170937" url="features/fr.cnes.icode.feature.fortran90_3.1.0.201809170937/">
		</feature>
		<feature id="fr.cnes.icode.feature.core" version="3.1.0.201809170937" url="features/fr.cnes.icode.feature.core_3.1.0.201809170937/">
		</feature>
		<feature id="fr.cnes.icode.feature.fortran77" version="3.1.0.201809170937" url="features/fr.cnes.icode.feature.fortran77_3.1.0.201809170937/">
		</feature>
	</site>
</config>
