<?xml version='1.0' encoding='UTF-8'?>
<?artifactRepository version='1.1.0'?>
<repository name='Bundle pool' type='org.eclipse.equinox.p2.artifact.repository.simpleRepository' version='1'>
  <properties size='2'>
    <property name='p2.system' value='true'/>
    <property name='p2.timestamp' value='1537177291937'/>
  </properties>
  <mappings size='3'>
    <rule filter='(&amp; (classifier=osgi.bundle))' output='${repoUrl}/plugins/${id}_${version}.jar'/>
    <rule filter='(&amp; (classifier=binary))' output='${repoUrl}/binary/${id}_${version}'/>
    <rule filter='(&amp; (classifier=org.eclipse.update.feature))' output='${repoUrl}/features/${id}_${version}.jar'/>
  </mappings>
  <artifacts size='40'>
    <artifact classifier='osgi.bundle' id='org.eclipse.core.jobs' version='3.9.3.v20180115-1757'>
      <properties size='1'>
        <property name='download.size' value='107579'/>
      </properties>
    </artifact>
    <artifact classifier='osgi.bundle' id='fr.cnes.analysis.tools.shell.rules' version='3.1.0.201809170937'>
      <properties size='1'>
        <property name='download.size' value='409994'/>
      </properties>
    </artifact>
    <artifact classifier='osgi.bundle' id='fr.cnes.analysis.tools.export.xml' version='3.1.0.201809170937'>
      <properties size='1'>
        <property name='download.size' value='290409'/>
      </properties>
    </artifact>
    <artifact classifier='osgi.bundle' id='org.eclipse.equinox.app' version='1.3.400.v20150715-1528'>
      <properties size='1'>
        <property name='download.size' value='87766'/>
      </properties>
    </artifact>
    <artifact classifier='osgi.bundle' id='fr.cnes.icode.application' version='3.1.0.201809170937'>
      <properties size='1'>
        <property name='download.size' value='13354'/>
      </properties>
    </artifact>
    <artifact classifier='osgi.bundle' id='org.eclipse.equinox.simpleconfigurator' version='1.2.1.v20180131-1435'>
      <properties size='1'>
        <property name='download.size' value='46392'/>
      </properties>
    </artifact>
    <artifact classifier='osgi.bundle' id='org.eclipse.core.contenttype' version='3.6.0.v20170207-1037'>
      <properties size='1'>
        <property name='download.size' value='104299'/>
      </properties>
    </artifact>
    <artifact classifier='osgi.bundle' id='org.eclipse.core.filesystem' version='1.7.0.v20170406-1337'>
      <properties size='1'>
        <property name='download.size' value='66690'/>
      </properties>
    </artifact>
    <artifact classifier='osgi.bundle' id='org.eclipse.equinox.event' version='1.4.0.v20170105-1446'>
      <properties size='1'>
        <property name='download.size' value='34721'/>
      </properties>
    </artifact>
    <artifact classifier='org.eclipse.update.feature' id='fr.cnes.icode.feature.fortran90' version='3.1.0.201809170937'>
      <properties size='1'>
        <property name='download.size' value='5146'/>
      </properties>
      <repositoryProperties size='1'>
        <property name='artifact.folder' value='true'/>
      </repositoryProperties>
    </artifact>
    <artifact classifier='osgi.bundle' id='org.eclipse.core.expressions' version='3.6.0.v20170207-1037'>
      <properties size='1'>
        <property name='download.size' value='91726'/>
      </properties>
    </artifact>
    <artifact classifier='osgi.bundle' id='org.eclipse.equinox.ds' version='1.5.0.v20170307-1429'>
      <properties size='1'>
        <property name='download.size' value='28783'/>
      </properties>
    </artifact>
    <artifact classifier='osgi.bundle' id='org.eclipse.equinox.registry' version='3.7.0.v20170222-1344'>
      <properties size='1'>
        <property name='download.size' value='187348'/>
      </properties>
    </artifact>
    <artifact classifier='osgi.bundle' id='org.eclipse.equinox.launcher' version='1.4.0.v20161219-1356'>
      <properties size='1'>
        <property name='download.size' value='54427'/>
      </properties>
    </artifact>
    <artifact classifier='org.eclipse.update.feature' id='fr.cnes.icode.feature.core' version='3.1.0.201809170937'>
      <properties size='1'>
        <property name='download.size' value='5109'/>
      </properties>
      <repositoryProperties size='1'>
        <property name='artifact.folder' value='true'/>
      </repositoryProperties>
    </artifact>
    <artifact classifier='osgi.bundle' id='org.apache.commons.logging' version='1.1.1.v201101211721'>
      <properties size='1'>
        <property name='download.size' value='73633'/>
      </properties>
    </artifact>
    <artifact classifier='osgi.bundle' id='fr.cnes.analysis.tools.export' version='3.1.0.201809170937'>
      <properties size='1'>
        <property name='download.size' value='12876'/>
      </properties>
    </artifact>
    <artifact classifier='osgi.bundle' id='org.apache.commons.cli' version='1.2.0.v201404270220'>
      <properties size='1'>
        <property name='download.size' value='48957'/>
      </properties>
    </artifact>
    <artifact classifier='osgi.bundle' id='org.eclipse.osgi.services' version='3.6.0.v20170228-1906'>
      <properties size='1'>
        <property name='download.size' value='121220'/>
      </properties>
    </artifact>
    <artifact classifier='osgi.bundle' id='org.apache.commons.lang' version='2.6.0.v201404270220'>
      <properties size='1'>
        <property name='download.size' value='298623'/>
      </properties>
    </artifact>
    <artifact classifier='osgi.bundle' id='fr.cnes.analysis.tools.fortran90.metrics' version='3.1.0.201809170937'>
      <properties size='1'>
        <property name='download.size' value='44499'/>
      </properties>
    </artifact>
    <artifact classifier='osgi.bundle' id='fr.cnes.analysis.tools.languages' version='3.1.0.201809170937'>
      <properties size='1'>
        <property name='download.size' value='3411'/>
      </properties>
    </artifact>
    <artifact classifier='org.eclipse.update.feature' id='fr.cnes.icode.feature.fortran77' version='3.1.0.201809170937'>
      <properties size='1'>
        <property name='download.size' value='5144'/>
      </properties>
      <repositoryProperties size='1'>
        <property name='artifact.folder' value='true'/>
      </repositoryProperties>
    </artifact>
    <artifact classifier='osgi.bundle' id='org.apache.felix.scr' version='2.0.10.v20170501-2007'>
      <properties size='1'>
        <property name='download.size' value='372304'/>
      </properties>
    </artifact>
    <artifact classifier='osgi.bundle' id='fr.cnes.analysis.tools.fortran77.rules' version='3.1.0.201809170937'>
      <properties size='1'>
        <property name='download.size' value='609579'/>
      </properties>
    </artifact>
    <artifact classifier='org.eclipse.update.feature' id='fr.cnes.icode.feature.shell' version='3.1.0.201809170937'>
      <properties size='1'>
        <property name='download.size' value='4943'/>
      </properties>
      <repositoryProperties size='1'>
        <property name='artifact.folder' value='true'/>
      </repositoryProperties>
    </artifact>
    <artifact classifier='osgi.bundle' id='org.eclipse.equinox.common' version='3.9.0.v20170207-1454'>
      <properties size='1'>
        <property name='download.size' value='121509'/>
      </properties>
    </artifact>
    <artifact classifier='osgi.bundle' id='org.eclipse.core.runtime' version='3.13.0.v20170207-1030'>
      <properties size='1'>
        <property name='download.size' value='75827'/>
      </properties>
    </artifact>
    <artifact classifier='osgi.bundle' id='org.eclipse.osgi' version='3.12.100.v20180210-1608'>
      <properties size='1'>
        <property name='download.size' value='1387666'/>
      </properties>
    </artifact>
    <artifact classifier='osgi.bundle' id='fr.cnes.analysis.tools.fortran77.metrics' version='3.1.0.201809170937'>
      <properties size='1'>
        <property name='download.size' value='56293'/>
      </properties>
    </artifact>
    <artifact classifier='osgi.bundle' id='org.eclipse.equinox.preferences' version='3.7.0.v20170126-2132'>
      <properties size='1'>
        <property name='download.size' value='133219'/>
      </properties>
    </artifact>
    <artifact classifier='osgi.bundle' id='fr.cnes.analysis.tools.fortran90.rules' version='3.1.0.201809170937'>
      <properties size='1'>
        <property name='download.size' value='649560'/>
      </properties>
    </artifact>
    <artifact classifier='osgi.bundle' id='org.eclipse.equinox.launcher.cocoa.macosx.x86_64' version='1.1.551.v20171108-1834'>
      <properties size='1'>
        <property name='download.size' value='34139'/>
      </properties>
      <repositoryProperties size='1'>
        <property name='artifact.folder' value='true'/>
      </repositoryProperties>
    </artifact>
    <artifact classifier='osgi.bundle' id='org.eclipse.osgi.util' version='3.4.0.v20170111-1608'>
      <properties size='1'>
        <property name='download.size' value='50252'/>
      </properties>
    </artifact>
    <artifact classifier='osgi.bundle' id='fr.cnes.analysis.tools.analyzer' version='3.1.0.201809170937'>
      <properties size='1'>
        <property name='download.size' value='30397'/>
      </properties>
    </artifact>
    <artifact classifier='osgi.bundle' id='org.apache.commons.io' version='2.2.0.v201405211200'>
      <properties size='1'>
        <property name='download.size' value='194073'/>
      </properties>
    </artifact>
    <artifact classifier='osgi.bundle' id='fr.cnes.analysis.tools.shell.metrics' version='3.1.0.201809170937'>
      <properties size='1'>
        <property name='download.size' value='63203'/>
      </properties>
    </artifact>
    <artifact classifier='osgi.bundle' id='org.eclipse.core.resources' version='3.12.0.v20170417-1558'>
      <properties size='1'>
        <property name='download.size' value='891666'/>
      </properties>
    </artifact>
    <artifact classifier='osgi.bundle' id='fr.cnes.analysis.tools.export.csv' version='3.1.0.201809170937'>
      <properties size='1'>
        <property name='download.size' value='5597'/>
      </properties>
    </artifact>
    <artifact classifier='osgi.bundle' id='org.apache.ant' version='1.10.1.v20170504-0840'>
      <properties size='1'>
        <property name='download.size' value='2838967'/>
      </properties>
      <repositoryProperties size='1'>
        <property name='artifact.folder' value='true'/>
      </repositoryProperties>
    </artifact>
  </artifacts>
</repository>
